32,1,8,[timeout 30 ./minisatrun.sh],r0-S-y-x,0,0,0.012
32,1,8,[timeout 30 ./minisatrun.sh],r0-S-y-x,1,0,0.016
32,1,8,[timeout 30 ./minisatrun.sh],r0-S-y-x,2,0,0.012
32,1,8,[timeout 30 ./minisatrun.sh],r0-S-y-x,3,0,0.012
32,1,8,[timeout 30 ./minisatrun.sh],r0-S-y-x,4,0,0.012
32,1,8,[timeout 30 ./minisatrun.sh],r0-S-y-x,5,0,0.012
32,1,8,[timeout 30 ./minisatrun.sh],r0-S-y-x,6,0,0.008
32,1,8,[timeout 30 ./minisatrun.sh],r0-S-y-x,7,0,0.008
32,1,8,[timeout 30 ./minisatrun.sh],r0-S-y-x,8,0,0.012
32,1,8,[timeout 30 ./minisatrun.sh],r0-S-y-x,9,0,0.008
32,1,8,[timeout 30 ./minisatrun.sh],none,0,0,0.016
32,1,8,[timeout 30 ./minisatrun.sh],none,1,0,0.008
32,1,8,[timeout 30 ./minisatrun.sh],none,2,0,0.012
32,1,8,[timeout 30 ./minisatrun.sh],none,3,0,0.012
32,1,8,[timeout 30 ./minisatrun.sh],none,4,0,0.012
32,1,8,[timeout 30 ./minisatrun.sh],none,5,0,0.012
32,1,8,[timeout 30 ./minisatrun.sh],none,6,0,0.012
32,1,8,[timeout 30 ./minisatrun.sh],none,7,0,0.008
32,1,8,[timeout 30 ./minisatrun.sh],none,8,0,0.012
32,1,8,[timeout 30 ./minisatrun.sh],none,9,0,0.012
32,1,8,[timeout 30 ./minisatrun.sh],rlast-S-x-y,0,0,0.012
32,1,8,[timeout 30 ./minisatrun.sh],rlast-S-x-y,1,0,0.012
32,1,8,[timeout 30 ./minisatrun.sh],rlast-S-x-y,2,0,0.012
32,1,8,[timeout 30 ./minisatrun.sh],rlast-S-x-y,3,0,0.012
32,1,8,[timeout 30 ./minisatrun.sh],rlast-S-x-y,4,0,0.012
32,1,8,[timeout 30 ./minisatrun.sh],rlast-S-x-y,5,0,0.012
32,1,8,[timeout 30 ./minisatrun.sh],rlast-S-x-y,6,0,0.012
32,1,8,[timeout 30 ./minisatrun.sh],rlast-S-x-y,7,0,0.012
32,1,8,[timeout 30 ./minisatrun.sh],rlast-S-x-y,8,0,0.012
32,1,8,[timeout 30 ./minisatrun.sh],rlast-S-x-y,9,0,0.016
32,1,8,[timeout 30 ./minisatrun.sh],rlast-S-y-x,0,0,0.012
32,1,8,[timeout 30 ./minisatrun.sh],rlast-S-y-x,1,0,0.012
32,1,8,[timeout 30 ./minisatrun.sh],rlast-S-y-x,2,0,0.012
32,1,8,[timeout 30 ./minisatrun.sh],rlast-S-y-x,3,0,0.008
32,1,8,[timeout 30 ./minisatrun.sh],rlast-S-y-x,4,0,0.016
32,1,8,[timeout 30 ./minisatrun.sh],rlast-S-y-x,5,0,0.008
32,1,8,[timeout 30 ./minisatrun.sh],rlast-S-y-x,6,0,0.016
32,1,8,[timeout 30 ./minisatrun.sh],rlast-S-y-x,7,0,0.012
32,1,8,[timeout 30 ./minisatrun.sh],rlast-S-y-x,8,0,0.012
32,1,8,[timeout 30 ./minisatrun.sh],rlast-S-y-x,9,0,0.012
32,1,8,[timeout 30 ./minisatrun.sh],r0-S-x-y,0,0,0.012
32,1,8,[timeout 30 ./minisatrun.sh],r0-S-x-y,1,0,0.012
32,1,8,[timeout 30 ./minisatrun.sh],r0-S-x-y,2,0,0.012
32,1,8,[timeout 30 ./minisatrun.sh],r0-S-x-y,3,0,0.012
32,1,8,[timeout 30 ./minisatrun.sh],r0-S-x-y,4,0,0.012
32,1,8,[timeout 30 ./minisatrun.sh],r0-S-x-y,5,0,0.012
32,1,8,[timeout 30 ./minisatrun.sh],r0-S-x-y,6,0,0.012
32,1,8,[timeout 30 ./minisatrun.sh],r0-S-x-y,7,0,0.012
32,1,8,[timeout 30 ./minisatrun.sh],r0-S-x-y,8,0,0.012
32,1,8,[timeout 30 ./minisatrun.sh],r0-S-x-y,9,0,0.012
32,2,8,[timeout 30 ./minisatrun.sh],r0-S-y-x,0,7,0.044
32,2,8,[timeout 30 ./minisatrun.sh],r0-S-y-x,1,6,0.04
32,2,8,[timeout 30 ./minisatrun.sh],r0-S-y-x,2,4,0.044
32,2,8,[timeout 30 ./minisatrun.sh],r0-S-y-x,3,5,0.052
32,2,8,[timeout 30 ./minisatrun.sh],r0-S-y-x,4,10,0.044
32,2,8,[timeout 30 ./minisatrun.sh],r0-S-y-x,5,3,0.052
32,2,8,[timeout 30 ./minisatrun.sh],r0-S-y-x,6,3,0.04
32,2,8,[timeout 30 ./minisatrun.sh],r0-S-y-x,7,5,0.04
32,2,8,[timeout 30 ./minisatrun.sh],r0-S-y-x,8,4,0.04
32,2,8,[timeout 30 ./minisatrun.sh],r0-S-y-x,9,3,0.04
32,2,8,[timeout 30 ./minisatrun.sh],none,0,1,0.048
32,2,8,[timeout 30 ./minisatrun.sh],none,1,5,0.044
32,2,8,[timeout 30 ./minisatrun.sh],none,2,7,0.048
32,2,8,[timeout 30 ./minisatrun.sh],none,3,6,0.052
32,2,8,[timeout 30 ./minisatrun.sh],none,4,5,0.052
32,2,8,[timeout 30 ./minisatrun.sh],none,5,1,0.044
32,2,8,[timeout 30 ./minisatrun.sh],none,6,11,0.048
32,2,8,[timeout 30 ./minisatrun.sh],none,7,12,0.044
32,2,8,[timeout 30 ./minisatrun.sh],none,8,1,0.048
32,2,8,[timeout 30 ./minisatrun.sh],none,9,3,0.036
32,2,8,[timeout 30 ./minisatrun.sh],rlast-S-x-y,0,1,0.04
32,2,8,[timeout 30 ./minisatrun.sh],rlast-S-x-y,1,5,0.048
32,2,8,[timeout 30 ./minisatrun.sh],rlast-S-x-y,2,7,0.036
32,2,8,[timeout 30 ./minisatrun.sh],rlast-S-x-y,3,6,0.044
32,2,8,[timeout 30 ./minisatrun.sh],rlast-S-x-y,4,5,0.044
32,2,8,[timeout 30 ./minisatrun.sh],rlast-S-x-y,5,1,0.044
32,2,8,[timeout 30 ./minisatrun.sh],rlast-S-x-y,6,11,0.048
32,2,8,[timeout 30 ./minisatrun.sh],rlast-S-x-y,7,12,0.048
32,2,8,[timeout 30 ./minisatrun.sh],rlast-S-x-y,8,1,0.048
32,2,8,[timeout 30 ./minisatrun.sh],rlast-S-x-y,9,3,0.052
32,2,8,[timeout 30 ./minisatrun.sh],rlast-S-y-x,0,1,0.048
32,2,8,[timeout 30 ./minisatrun.sh],rlast-S-y-x,1,5,0.052
32,2,8,[timeout 30 ./minisatrun.sh],rlast-S-y-x,2,7,0.048
32,2,8,[timeout 30 ./minisatrun.sh],rlast-S-y-x,3,6,0.044
32,2,8,[timeout 30 ./minisatrun.sh],rlast-S-y-x,4,5,0.048
32,2,8,[timeout 30 ./minisatrun.sh],rlast-S-y-x,5,1,0.048
32,2,8,[timeout 30 ./minisatrun.sh],rlast-S-y-x,6,11,0.044
32,2,8,[timeout 30 ./minisatrun.sh],rlast-S-y-x,7,12,0.048
32,2,8,[timeout 30 ./minisatrun.sh],rlast-S-y-x,8,1,0.048
32,2,8,[timeout 30 ./minisatrun.sh],rlast-S-y-x,9,3,0.048
32,2,8,[timeout 30 ./minisatrun.sh],r0-S-x-y,0,7,0.044
32,2,8,[timeout 30 ./minisatrun.sh],r0-S-x-y,1,6,0.048
32,2,8,[timeout 30 ./minisatrun.sh],r0-S-x-y,2,4,0.048
32,2,8,[timeout 30 ./minisatrun.sh],r0-S-x-y,3,5,0.044
32,2,8,[timeout 30 ./minisatrun.sh],r0-S-x-y,4,10,0.048
32,2,8,[timeout 30 ./minisatrun.sh],r0-S-x-y,5,3,0.048
32,2,8,[timeout 30 ./minisatrun.sh],r0-S-x-y,6,3,0.048
32,2,8,[timeout 30 ./minisatrun.sh],r0-S-x-y,7,5,0.04
32,2,8,[timeout 30 ./minisatrun.sh],r0-S-x-y,8,4,0.048
32,2,8,[timeout 30 ./minisatrun.sh],r0-S-x-y,9,3,0.04
32,3,8,[timeout 30 ./minisatrun.sh],r0-S-y-x,0,194,0.1
32,3,8,[timeout 30 ./minisatrun.sh],r0-S-y-x,1,580,0.144
32,3,8,[timeout 30 ./minisatrun.sh],r0-S-y-x,2,145,0.088
32,3,8,[timeout 30 ./minisatrun.sh],r0-S-y-x,3,542,0.132
32,3,8,[timeout 30 ./minisatrun.sh],r0-S-y-x,4,341,0.124
32,3,8,[timeout 30 ./minisatrun.sh],r0-S-y-x,5,542,0.132
32,3,8,[timeout 30 ./minisatrun.sh],r0-S-y-x,6,119,0.1
32,3,8,[timeout 30 ./minisatrun.sh],r0-S-y-x,7,332,0.12
32,3,8,[timeout 30 ./minisatrun.sh],r0-S-y-x,8,209,0.116
32,3,8,[timeout 30 ./minisatrun.sh],r0-S-y-x,9,367,0.108
32,3,8,[timeout 30 ./minisatrun.sh],none,0,160,0.1
32,3,8,[timeout 30 ./minisatrun.sh],none,1,412,0.116
32,3,8,[timeout 30 ./minisatrun.sh],none,2,834,0.164
32,3,8,[timeout 30 ./minisatrun.sh],none,3,765,0.156
32,3,8,[timeout 30 ./minisatrun.sh],none,4,482,0.128
32,3,8,[timeout 30 ./minisatrun.sh],none,5,765,0.14
32,3,8,[timeout 30 ./minisatrun.sh],none,6,169,0.124
32,3,8,[timeout 30 ./minisatrun.sh],none,7,513,0.132
32,3,8,[timeout 30 ./minisatrun.sh],none,8,1157,0.188
32,3,8,[timeout 30 ./minisatrun.sh],none,9,376,0.12
32,3,8,[timeout 30 ./minisatrun.sh],rlast-S-x-y,0,160,0.104
32,3,8,[timeout 30 ./minisatrun.sh],rlast-S-x-y,1,412,0.12
32,3,8,[timeout 30 ./minisatrun.sh],rlast-S-x-y,2,834,0.16
32,3,8,[timeout 30 ./minisatrun.sh],rlast-S-x-y,3,765,0.152
32,3,8,[timeout 30 ./minisatrun.sh],rlast-S-x-y,4,482,0.12
32,3,8,[timeout 30 ./minisatrun.sh],rlast-S-x-y,5,765,0.152
32,3,8,[timeout 30 ./minisatrun.sh],rlast-S-x-y,6,169,0.1
32,3,8,[timeout 30 ./minisatrun.sh],rlast-S-x-y,7,513,0.132
32,3,8,[timeout 30 ./minisatrun.sh],rlast-S-x-y,8,1157,0.2
32,3,8,[timeout 30 ./minisatrun.sh],rlast-S-x-y,9,376,0.124
32,3,8,[timeout 30 ./minisatrun.sh],rlast-S-y-x,0,160,0.104
32,3,8,[timeout 30 ./minisatrun.sh],rlast-S-y-x,1,412,0.116
32,3,8,[timeout 30 ./minisatrun.sh],rlast-S-y-x,2,834,0.168
32,3,8,[timeout 30 ./minisatrun.sh],rlast-S-y-x,3,765,0.156
32,3,8,[timeout 30 ./minisatrun.sh],rlast-S-y-x,4,482,0.128
32,3,8,[timeout 30 ./minisatrun.sh],rlast-S-y-x,5,765,0.148
32,3,8,[timeout 30 ./minisatrun.sh],rlast-S-y-x,6,169,0.1
32,3,8,[timeout 30 ./minisatrun.sh],rlast-S-y-x,7,513,0.12
32,3,8,[timeout 30 ./minisatrun.sh],rlast-S-y-x,8,1157,0.196
32,3,8,[timeout 30 ./minisatrun.sh],rlast-S-y-x,9,376,0.124
32,3,8,[timeout 30 ./minisatrun.sh],r0-S-x-y,0,194,0.112
32,3,8,[timeout 30 ./minisatrun.sh],r0-S-x-y,1,580,0.132
32,3,8,[timeout 30 ./minisatrun.sh],r0-S-x-y,2,145,0.096
32,3,8,[timeout 30 ./minisatrun.sh],r0-S-x-y,3,542,0.14
32,3,8,[timeout 30 ./minisatrun.sh],r0-S-x-y,4,341,0.12
32,3,8,[timeout 30 ./minisatrun.sh],r0-S-x-y,5,542,0.136
32,3,8,[timeout 30 ./minisatrun.sh],r0-S-x-y,6,119,0.1
32,3,8,[timeout 30 ./minisatrun.sh],r0-S-x-y,7,332,0.116
32,3,8,[timeout 30 ./minisatrun.sh],r0-S-x-y,8,209,0.112
32,3,8,[timeout 30 ./minisatrun.sh],r0-S-x-y,9,367,0.12
32,4,8,[timeout 30 ./minisatrun.sh],r0-S-y-x,0,463,0.396
32,4,8,[timeout 30 ./minisatrun.sh],r0-S-y-x,1,625,0.456
32,4,8,[timeout 30 ./minisatrun.sh],r0-S-y-x,2,6,0.148
32,4,8,[timeout 30 ./minisatrun.sh],r0-S-y-x,3,425,0.368
32,4,8,[timeout 30 ./minisatrun.sh],r0-S-y-x,4,133,0.208
32,4,8,[timeout 30 ./minisatrun.sh],r0-S-y-x,5,367,0.332
32,4,8,[timeout 30 ./minisatrun.sh],r0-S-y-x,6,21,0.144
32,4,8,[timeout 30 ./minisatrun.sh],r0-S-y-x,7,449,0.384
32,4,8,[timeout 30 ./minisatrun.sh],r0-S-y-x,8,183,0.24
32,4,8,[timeout 30 ./minisatrun.sh],r0-S-y-x,9,2,0.156
32,4,8,[timeout 30 ./minisatrun.sh],none,0,215,0.2
32,4,8,[timeout 30 ./minisatrun.sh],none,1,571,0.376
32,4,8,[timeout 30 ./minisatrun.sh],none,2,1300,0.74
32,4,8,[timeout 30 ./minisatrun.sh],none,3,305,0.22
32,4,8,[timeout 30 ./minisatrun.sh],none,4,589,0.38
32,4,8,[timeout 30 ./minisatrun.sh],none,5,1643,1.036
32,4,8,[timeout 30 ./minisatrun.sh],none,6,583,0.372
32,4,8,[timeout 30 ./minisatrun.sh],none,7,597,0.468
32,4,8,[timeout 30 ./minisatrun.sh],none,8,718,0.464
32,4,8,[timeout 30 ./minisatrun.sh],none,9,480,0.352
32,4,8,[timeout 30 ./minisatrun.sh],rlast-S-x-y,0,215,0.188
32,4,8,[timeout 30 ./minisatrun.sh],rlast-S-x-y,1,571,0.396
32,4,8,[timeout 30 ./minisatrun.sh],rlast-S-x-y,2,1300,0.76
32,4,8,[timeout 30 ./minisatrun.sh],rlast-S-x-y,3,305,0.236
32,4,8,[timeout 30 ./minisatrun.sh],rlast-S-x-y,4,589,0.388
32,4,8,[timeout 30 ./minisatrun.sh],rlast-S-x-y,5,1643,1.056
32,4,8,[timeout 30 ./minisatrun.sh],rlast-S-x-y,6,583,0.392
32,4,8,[timeout 30 ./minisatrun.sh],rlast-S-x-y,7,597,0.468
32,4,8,[timeout 30 ./minisatrun.sh],rlast-S-x-y,8,718,0.476
32,4,8,[timeout 30 ./minisatrun.sh],rlast-S-x-y,9,480,0.352
32,4,8,[timeout 30 ./minisatrun.sh],rlast-S-y-x,0,215,0.184
32,4,8,[timeout 30 ./minisatrun.sh],rlast-S-y-x,1,571,0.404
32,4,8,[timeout 30 ./minisatrun.sh],rlast-S-y-x,2,1300,0.744
32,4,8,[timeout 30 ./minisatrun.sh],rlast-S-y-x,3,305,0.224
32,4,8,[timeout 30 ./minisatrun.sh],rlast-S-y-x,4,589,0.404
32,4,8,[timeout 30 ./minisatrun.sh],rlast-S-y-x,5,1643,1.052
32,4,8,[timeout 30 ./minisatrun.sh],rlast-S-y-x,6,583,0.384
32,4,8,[timeout 30 ./minisatrun.sh],rlast-S-y-x,7,597,0.464
32,4,8,[timeout 30 ./minisatrun.sh],rlast-S-y-x,8,718,0.46
32,4,8,[timeout 30 ./minisatrun.sh],rlast-S-y-x,9,480,0.348
32,4,8,[timeout 30 ./minisatrun.sh],r0-S-x-y,0,463,0.388
32,4,8,[timeout 30 ./minisatrun.sh],r0-S-x-y,1,625,0.468
32,4,8,[timeout 30 ./minisatrun.sh],r0-S-x-y,2,6,0.148
32,4,8,[timeout 30 ./minisatrun.sh],r0-S-x-y,3,425,0.352
32,4,8,[timeout 30 ./minisatrun.sh],r0-S-x-y,4,133,0.216
32,4,8,[timeout 30 ./minisatrun.sh],r0-S-x-y,5,367,0.336
32,4,8,[timeout 30 ./minisatrun.sh],r0-S-x-y,6,21,0.16
32,4,8,[timeout 30 ./minisatrun.sh],r0-S-x-y,7,449,0.38
32,4,8,[timeout 30 ./minisatrun.sh],r0-S-x-y,8,183,0.236
32,4,8,[timeout 30 ./minisatrun.sh],r0-S-x-y,9,2,0.152
32,5,8,[timeout 30 ./minisatrun.sh],r0-S-y-x,0,418,0.836
32,5,8,[timeout 30 ./minisatrun.sh],r0-S-y-x,1,7,0.228
32,5,8,[timeout 30 ./minisatrun.sh],r0-S-y-x,2,136,0.44
32,5,8,[timeout 30 ./minisatrun.sh],r0-S-y-x,3,215,0.544
32,5,8,[timeout 30 ./minisatrun.sh],r0-S-y-x,4,56,0.316
32,5,8,[timeout 30 ./minisatrun.sh],r0-S-y-x,5,199,0.524
32,5,8,[timeout 30 ./minisatrun.sh],r0-S-y-x,6,87,0.348
32,5,8,[timeout 30 ./minisatrun.sh],r0-S-y-x,7,465,0.928
32,5,8,[timeout 30 ./minisatrun.sh],r0-S-y-x,8,19,0.252
32,5,8,[timeout 30 ./minisatrun.sh],r0-S-y-x,9,131,0.408
32,5,8,[timeout 30 ./minisatrun.sh],none,0,3010,2.104
32,5,8,[timeout 30 ./minisatrun.sh],none,1,275,0.352
32,5,8,[timeout 30 ./minisatrun.sh],none,2,1063,1.004
32,5,8,[timeout 30 ./minisatrun.sh],none,3,436,0.436
32,5,8,[timeout 30 ./minisatrun.sh],none,4,369,0.44
32,5,8,[timeout 30 ./minisatrun.sh],none,5,179,0.3
32,5,8,[timeout 30 ./minisatrun.sh],none,6,412,0.54
32,5,8,[timeout 30 ./minisatrun.sh],none,7,195,0.32
32,5,8,[timeout 30 ./minisatrun.sh],none,8,843,0.952
32,5,8,[timeout 30 ./minisatrun.sh],none,9,262,0.356
32,5,8,[timeout 30 ./minisatrun.sh],rlast-S-x-y,0,3010,2.116
32,5,8,[timeout 30 ./minisatrun.sh],rlast-S-x-y,1,275,0.352
32,5,8,[timeout 30 ./minisatrun.sh],rlast-S-x-y,2,1063,1.052
32,5,8,[timeout 30 ./minisatrun.sh],rlast-S-x-y,3,436,0.444
32,5,8,[timeout 30 ./minisatrun.sh],rlast-S-x-y,4,369,0.464
32,5,8,[timeout 30 ./minisatrun.sh],rlast-S-x-y,5,179,0.308
32,5,8,[timeout 30 ./minisatrun.sh],rlast-S-x-y,6,412,0.544
32,5,8,[timeout 30 ./minisatrun.sh],rlast-S-x-y,7,195,0.32
32,5,8,[timeout 30 ./minisatrun.sh],rlast-S-x-y,8,843,0.948
32,5,8,[timeout 30 ./minisatrun.sh],rlast-S-x-y,9,262,0.356
32,5,8,[timeout 30 ./minisatrun.sh],rlast-S-y-x,0,3010,2.096
32,5,8,[timeout 30 ./minisatrun.sh],rlast-S-y-x,1,275,0.356
32,5,8,[timeout 30 ./minisatrun.sh],rlast-S-y-x,2,1063,1.04
32,5,8,[timeout 30 ./minisatrun.sh],rlast-S-y-x,3,436,0.452
32,5,8,[timeout 30 ./minisatrun.sh],rlast-S-y-x,4,369,0.452
32,5,8,[timeout 30 ./minisatrun.sh],rlast-S-y-x,5,179,0.304
32,5,8,[timeout 30 ./minisatrun.sh],rlast-S-y-x,6,412,0.556
32,5,8,[timeout 30 ./minisatrun.sh],rlast-S-y-x,7,195,0.316
32,5,8,[timeout 30 ./minisatrun.sh],rlast-S-y-x,8,843,0.948
32,5,8,[timeout 30 ./minisatrun.sh],rlast-S-y-x,9,262,0.348
32,5,8,[timeout 30 ./minisatrun.sh],r0-S-x-y,0,418,0.844
32,5,8,[timeout 30 ./minisatrun.sh],r0-S-x-y,1,7,0.228
32,5,8,[timeout 30 ./minisatrun.sh],r0-S-x-y,2,136,0.42
32,5,8,[timeout 30 ./minisatrun.sh],r0-S-x-y,3,215,0.544
32,5,8,[timeout 30 ./minisatrun.sh],r0-S-x-y,4,56,0.316
32,5,8,[timeout 30 ./minisatrun.sh],r0-S-x-y,5,199,0.528
32,5,8,[timeout 30 ./minisatrun.sh],r0-S-x-y,6,87,0.352
32,5,8,[timeout 30 ./minisatrun.sh],r0-S-x-y,7,465,0.916
32,5,8,[timeout 30 ./minisatrun.sh],r0-S-x-y,8,19,0.248
32,5,8,[timeout 30 ./minisatrun.sh],r0-S-x-y,9,131,0.412
32,6,8,[timeout 30 ./minisatrun.sh],r0-S-y-x,0,213,0.944
32,6,8,[timeout 30 ./minisatrun.sh],r0-S-y-x,1,331,1.312
32,6,8,[timeout 30 ./minisatrun.sh],r0-S-y-x,2,609,2.212
32,6,8,[timeout 30 ./minisatrun.sh],r0-S-y-x,3,282,1.176
32,6,8,[timeout 30 ./minisatrun.sh],r0-S-y-x,4,292,1.204
32,6,8,[timeout 30 ./minisatrun.sh],r0-S-y-x,5,165,0.804
32,6,8,[timeout 30 ./minisatrun.sh],r0-S-y-x,6,193,0.884
32,6,8,[timeout 30 ./minisatrun.sh],r0-S-y-x,7,54,0.464
32,6,8,[timeout 30 ./minisatrun.sh],r0-S-y-x,8,66,0.504
32,6,8,[timeout 30 ./minisatrun.sh],r0-S-y-x,9,313,1.272
32,6,8,[timeout 30 ./minisatrun.sh],none,0,974,1.552
32,6,8,[timeout 30 ./minisatrun.sh],none,1,218,0.332
32,6,8,[timeout 30 ./minisatrun.sh],none,2,481,1.032
32,6,8,[timeout 30 ./minisatrun.sh],none,3,708,1.308
32,6,8,[timeout 30 ./minisatrun.sh],none,4,698,1.412
32,6,8,[timeout 30 ./minisatrun.sh],none,5,131,0.352
32,6,8,[timeout 30 ./minisatrun.sh],none,6,208,0.38
32,6,8,[timeout 30 ./minisatrun.sh],none,7,466,0.732
32,6,8,[timeout 30 ./minisatrun.sh],none,8,399,0.748
32,6,8,[timeout 30 ./minisatrun.sh],none,9,293,0.62
32,6,8,[timeout 30 ./minisatrun.sh],rlast-S-x-y,0,974,1.572
32,6,8,[timeout 30 ./minisatrun.sh],rlast-S-x-y,1,218,0.36
32,6,8,[timeout 30 ./minisatrun.sh],rlast-S-x-y,2,481,1.052
32,6,8,[timeout 30 ./minisatrun.sh],rlast-S-x-y,3,708,1.328
32,6,8,[timeout 30 ./minisatrun.sh],rlast-S-x-y,4,698,1.408
32,6,8,[timeout 30 ./minisatrun.sh],rlast-S-x-y,5,131,0.372
32,6,8,[timeout 30 ./minisatrun.sh],rlast-S-x-y,6,208,0.384
32,6,8,[timeout 30 ./minisatrun.sh],rlast-S-x-y,7,466,0.756
32,6,8,[timeout 30 ./minisatrun.sh],rlast-S-x-y,8,399,0.788
32,6,8,[timeout 30 ./minisatrun.sh],rlast-S-x-y,9,293,0.628
32,6,8,[timeout 30 ./minisatrun.sh],rlast-S-y-x,0,974,1.592
32,6,8,[timeout 30 ./minisatrun.sh],rlast-S-y-x,1,218,0.376
32,6,8,[timeout 30 ./minisatrun.sh],rlast-S-y-x,2,481,1.044
32,6,8,[timeout 30 ./minisatrun.sh],rlast-S-y-x,3,708,1.316
32,6,8,[timeout 30 ./minisatrun.sh],rlast-S-y-x,4,698,1.428
32,6,8,[timeout 30 ./minisatrun.sh],rlast-S-y-x,5,131,0.352
32,6,8,[timeout 30 ./minisatrun.sh],rlast-S-y-x,6,208,0.396
32,6,8,[timeout 30 ./minisatrun.sh],rlast-S-y-x,7,466,0.736
32,6,8,[timeout 30 ./minisatrun.sh],rlast-S-y-x,8,399,0.768
32,6,8,[timeout 30 ./minisatrun.sh],rlast-S-y-x,9,293,0.636
32,6,8,[timeout 30 ./minisatrun.sh],r0-S-x-y,0,213,0.964
32,6,8,[timeout 30 ./minisatrun.sh],r0-S-x-y,1,331,1.316
32,6,8,[timeout 30 ./minisatrun.sh],r0-S-x-y,2,609,2.176
32,6,8,[timeout 30 ./minisatrun.sh],r0-S-x-y,3,282,1.184
32,6,8,[timeout 30 ./minisatrun.sh],r0-S-x-y,4,292,1.208
32,6,8,[timeout 30 ./minisatrun.sh],r0-S-x-y,5,165,0.792
32,6,8,[timeout 30 ./minisatrun.sh],r0-S-x-y,6,193,0.9
32,6,8,[timeout 30 ./minisatrun.sh],r0-S-x-y,7,54,0.46
32,6,8,[timeout 30 ./minisatrun.sh],r0-S-x-y,8,66,0.492
32,6,8,[timeout 30 ./minisatrun.sh],r0-S-x-y,9,313,1.272
32,7,8,[timeout 30 ./minisatrun.sh],r0-S-y-x,0,276,1.728
32,7,8,[timeout 30 ./minisatrun.sh],r0-S-y-x,1,33,0.528
32,7,8,[timeout 30 ./minisatrun.sh],r0-S-y-x,2,9,0.376
32,7,8,[timeout 30 ./minisatrun.sh],r0-S-y-x,3,317,1.984
32,7,8,[timeout 30 ./minisatrun.sh],r0-S-y-x,4,16,0.428
32,7,8,[timeout 30 ./minisatrun.sh],r0-S-y-x,5,474,2.768
32,7,8,[timeout 30 ./minisatrun.sh],r0-S-y-x,6,355,2.16
32,7,8,[timeout 30 ./minisatrun.sh],r0-S-y-x,7,9,0.392
32,7,8,[timeout 30 ./minisatrun.sh],r0-S-y-x,8,312,1.948
32,7,8,[timeout 30 ./minisatrun.sh],r0-S-y-x,9,229,1.5
32,7,8,[timeout 30 ./minisatrun.sh],none,0,804,1.672
32,7,8,[timeout 30 ./minisatrun.sh],none,1,176,0.552
32,7,8,[timeout 30 ./minisatrun.sh],none,2,2593,6.516
32,7,8,[timeout 30 ./minisatrun.sh],none,3,1441,2.976
32,7,8,[timeout 30 ./minisatrun.sh],none,4,127,0.472
32,7,8,[timeout 30 ./minisatrun.sh],none,5,1768,3.84
32,7,8,[timeout 30 ./minisatrun.sh],none,6,719,2.052
32,7,8,[timeout 30 ./minisatrun.sh],none,7,2593,6.528
32,7,8,[timeout 30 ./minisatrun.sh],none,8,180,0.68
32,7,8,[timeout 30 ./minisatrun.sh],none,9,285,0.544
32,7,8,[timeout 30 ./minisatrun.sh],rlast-S-x-y,0,804,1.688
32,7,8,[timeout 30 ./minisatrun.sh],rlast-S-x-y,1,176,0.528
32,7,8,[timeout 30 ./minisatrun.sh],rlast-S-x-y,2,2593,6.6
32,7,8,[timeout 30 ./minisatrun.sh],rlast-S-x-y,3,1441,3.008
32,7,8,[timeout 30 ./minisatrun.sh],rlast-S-x-y,4,127,0.508
32,7,8,[timeout 30 ./minisatrun.sh],rlast-S-x-y,5,1768,4.236
32,7,8,[timeout 30 ./minisatrun.sh],rlast-S-x-y,6,719,2.092
32,7,8,[timeout 30 ./minisatrun.sh],rlast-S-x-y,7,2593,6.66
32,7,8,[timeout 30 ./minisatrun.sh],rlast-S-x-y,8,180,0.688
32,7,8,[timeout 30 ./minisatrun.sh],rlast-S-x-y,9,285,0.572
32,7,8,[timeout 30 ./minisatrun.sh],rlast-S-y-x,0,804,1.8
32,7,8,[timeout 30 ./minisatrun.sh],rlast-S-y-x,1,176,0.616
32,7,8,[timeout 30 ./minisatrun.sh],rlast-S-y-x,2,2593,6.628
32,7,8,[timeout 30 ./minisatrun.sh],rlast-S-y-x,3,1441,3.616
32,7,8,[timeout 30 ./minisatrun.sh],rlast-S-y-x,4,127,0.528
32,7,8,[timeout 30 ./minisatrun.sh],rlast-S-y-x,5,1768,3.892
32,7,8,[timeout 30 ./minisatrun.sh],rlast-S-y-x,6,719,2.14
32,7,8,[timeout 30 ./minisatrun.sh],rlast-S-y-x,7,2593,6.628
32,7,8,[timeout 30 ./minisatrun.sh],rlast-S-y-x,8,180,0.696
32,7,8,[timeout 30 ./minisatrun.sh],rlast-S-y-x,9,285,0.568
32,7,8,[timeout 30 ./minisatrun.sh],r0-S-x-y,0,276,1.72
32,7,8,[timeout 30 ./minisatrun.sh],r0-S-x-y,1,33,0.556
32,7,8,[timeout 30 ./minisatrun.sh],r0-S-x-y,2,9,0.408
32,7,8,[timeout 30 ./minisatrun.sh],r0-S-x-y,3,317,2
32,7,8,[timeout 30 ./minisatrun.sh],r0-S-x-y,4,16,0.444
32,7,8,[timeout 30 ./minisatrun.sh],r0-S-x-y,5,474,2.816
32,7,8,[timeout 30 ./minisatrun.sh],r0-S-x-y,6,355,2.756
32,7,8,[timeout 30 ./minisatrun.sh],r0-S-x-y,7,9,0.46
32,7,8,[timeout 30 ./minisatrun.sh],r0-S-x-y,8,312,1.992
32,7,8,[timeout 30 ./minisatrun.sh],r0-S-x-y,9,229,1.596
32,8,8,[timeout 30 ./minisatrun.sh],r0-S-y-x,0,52,0.804
32,8,8,[timeout 30 ./minisatrun.sh],r0-S-y-x,1,30,0.66
32,8,8,[timeout 30 ./minisatrun.sh],r0-S-y-x,2,303,2.724
32,8,8,[timeout 30 ./minisatrun.sh],r0-S-y-x,3,18,0.544
32,8,8,[timeout 30 ./minisatrun.sh],r0-S-y-x,4,168,1.604
32,8,8,[timeout 30 ./minisatrun.sh],r0-S-y-x,5,152,1.436
32,8,8,[timeout 30 ./minisatrun.sh],r0-S-y-x,6,262,2.24
32,8,8,[timeout 30 ./minisatrun.sh],r0-S-y-x,7,474,3.712
32,8,8,[timeout 30 ./minisatrun.sh],r0-S-y-x,8,403,3.18
32,8,8,[timeout 30 ./minisatrun.sh],r0-S-y-x,9,793,6.496
32,8,8,[timeout 30 ./minisatrun.sh],none,0,1023,4.012
32,8,8,[timeout 30 ./minisatrun.sh],none,1,1173,5.8
32,8,8,[timeout 30 ./minisatrun.sh],none,2,214,0.5
32,8,8,[timeout 30 ./minisatrun.sh],none,3,370,0.912
32,8,8,[timeout 30 ./minisatrun.sh],none,4,114,0.524
32,8,8,[timeout 30 ./minisatrun.sh],none,5,310,1.324
32,8,8,[timeout 30 ./minisatrun.sh],none,6,1082,3.648
32,8,8,[timeout 30 ./minisatrun.sh],none,7,687,2.336
32,8,8,[timeout 30 ./minisatrun.sh],none,8,812,2.796
32,8,8,[timeout 30 ./minisatrun.sh],none,9,425,1.248
32,8,8,[timeout 30 ./minisatrun.sh],rlast-S-x-y,0,1023,3.896
32,8,8,[timeout 30 ./minisatrun.sh],rlast-S-x-y,1,1173,5.592
32,8,8,[timeout 30 ./minisatrun.sh],rlast-S-x-y,2,214,0.504
32,8,8,[timeout 30 ./minisatrun.sh],rlast-S-x-y,3,370,0.896
32,8,8,[timeout 30 ./minisatrun.sh],rlast-S-x-y,4,114,0.528
32,8,8,[timeout 30 ./minisatrun.sh],rlast-S-x-y,5,310,1.316
32,8,8,[timeout 30 ./minisatrun.sh],rlast-S-x-y,6,1082,3.564
32,8,8,[timeout 30 ./minisatrun.sh],rlast-S-x-y,7,687,2.416
32,8,8,[timeout 30 ./minisatrun.sh],rlast-S-x-y,8,812,2.796
32,8,8,[timeout 30 ./minisatrun.sh],rlast-S-x-y,9,425,1.268
32,8,8,[timeout 30 ./minisatrun.sh],rlast-S-y-x,0,1023,3.916
32,8,8,[timeout 30 ./minisatrun.sh],rlast-S-y-x,1,1173,5.64
32,8,8,[timeout 30 ./minisatrun.sh],rlast-S-y-x,2,214,0.524
32,8,8,[timeout 30 ./minisatrun.sh],rlast-S-y-x,3,370,0.916
32,8,8,[timeout 30 ./minisatrun.sh],rlast-S-y-x,4,114,0.504
32,8,8,[timeout 30 ./minisatrun.sh],rlast-S-y-x,5,310,1.32
32,8,8,[timeout 30 ./minisatrun.sh],rlast-S-y-x,6,1082,3.652
32,8,8,[timeout 30 ./minisatrun.sh],rlast-S-y-x,7,687,2.332
32,8,8,[timeout 30 ./minisatrun.sh],rlast-S-y-x,8,812,2.816
32,8,8,[timeout 30 ./minisatrun.sh],rlast-S-y-x,9,425,1.248
32,8,8,[timeout 30 ./minisatrun.sh],r0-S-x-y,0,52,0.784
32,8,8,[timeout 30 ./minisatrun.sh],r0-S-x-y,1,30,0.656
32,8,8,[timeout 30 ./minisatrun.sh],r0-S-x-y,2,303,2.532
32,8,8,[timeout 30 ./minisatrun.sh],r0-S-x-y,3,18,0.564
32,8,8,[timeout 30 ./minisatrun.sh],r0-S-x-y,4,168,1.592
32,8,8,[timeout 30 ./minisatrun.sh],r0-S-x-y,5,152,1.504
32,8,8,[timeout 30 ./minisatrun.sh],r0-S-x-y,6,262,2.232
32,8,8,[timeout 30 ./minisatrun.sh],r0-S-x-y,7,474,3.7
32,8,8,[timeout 30 ./minisatrun.sh],r0-S-x-y,8,403,3.304
32,8,8,[timeout 30 ./minisatrun.sh],r0-S-x-y,9,793,5.924
32,9,8,[timeout 30 ./minisatrun.sh],r0-S-y-x,0,474,4.56
32,9,8,[timeout 30 ./minisatrun.sh],r0-S-y-x,1,43,0.88
32,9,8,[timeout 30 ./minisatrun.sh],r0-S-y-x,2,163,1.908
32,9,8,[timeout 30 ./minisatrun.sh],r0-S-y-x,3,193,2.144
32,9,8,[timeout 30 ./minisatrun.sh],r0-S-y-x,4,539,5.188
32,9,8,[timeout 30 ./minisatrun.sh],r0-S-y-x,5,54,0.972
32,9,8,[timeout 30 ./minisatrun.sh],r0-S-y-x,6,52,0.96
32,9,8,[timeout 30 ./minisatrun.sh],r0-S-y-x,7,18,0.636
32,9,8,[timeout 30 ./minisatrun.sh],r0-S-y-x,8,257,2.668
32,9,8,[timeout 30 ./minisatrun.sh],r0-S-y-x,9,119,1.536
32,9,8,[timeout 30 ./minisatrun.sh],none,0,746,2.864
32,9,8,[timeout 30 ./minisatrun.sh],none,1,248,1.216
32,9,8,[timeout 30 ./minisatrun.sh],none,2,1450,4.66
32,9,8,[timeout 30 ./minisatrun.sh],none,3,250,1.332
32,9,8,[timeout 30 ./minisatrun.sh],none,4,487,2.024
32,9,8,[timeout 30 ./minisatrun.sh],none,5,497,1.736
32,9,8,[timeout 30 ./minisatrun.sh],none,6,260,0.84
32,9,8,[timeout 30 ./minisatrun.sh],none,7,333,1.524
32,9,8,[timeout 30 ./minisatrun.sh],none,8,570,2.72
32,9,8,[timeout 30 ./minisatrun.sh],none,9,106,0.54
32,9,8,[timeout 30 ./minisatrun.sh],rlast-S-x-y,0,746,2.852
32,9,8,[timeout 30 ./minisatrun.sh],rlast-S-x-y,1,248,1.22
32,9,8,[timeout 30 ./minisatrun.sh],rlast-S-x-y,2,1450,4.592
32,9,8,[timeout 30 ./minisatrun.sh],rlast-S-x-y,3,250,1.34
32,9,8,[timeout 30 ./minisatrun.sh],rlast-S-x-y,4,487,2.044
32,9,8,[timeout 30 ./minisatrun.sh],rlast-S-x-y,5,497,1.744
32,9,8,[timeout 30 ./minisatrun.sh],rlast-S-x-y,6,260,0.852
32,9,8,[timeout 30 ./minisatrun.sh],rlast-S-x-y,7,333,1.52
32,9,8,[timeout 30 ./minisatrun.sh],rlast-S-x-y,8,570,2.684
32,9,8,[timeout 30 ./minisatrun.sh],rlast-S-x-y,9,106,0.536
32,9,8,[timeout 30 ./minisatrun.sh],rlast-S-y-x,0,746,2.836
32,9,8,[timeout 30 ./minisatrun.sh],rlast-S-y-x,1,248,1.232
32,9,8,[timeout 30 ./minisatrun.sh],rlast-S-y-x,2,1450,4.628
32,9,8,[timeout 30 ./minisatrun.sh],rlast-S-y-x,3,250,1.344
32,9,8,[timeout 30 ./minisatrun.sh],rlast-S-y-x,4,487,2.072
32,9,8,[timeout 30 ./minisatrun.sh],rlast-S-y-x,5,497,1.776
32,9,8,[timeout 30 ./minisatrun.sh],rlast-S-y-x,6,260,0.876
32,9,8,[timeout 30 ./minisatrun.sh],rlast-S-y-x,7,333,1.536
32,9,8,[timeout 30 ./minisatrun.sh],rlast-S-y-x,8,570,2.66
32,9,8,[timeout 30 ./minisatrun.sh],rlast-S-y-x,9,106,0.544
32,9,8,[timeout 30 ./minisatrun.sh],r0-S-x-y,0,474,4.548
32,9,8,[timeout 30 ./minisatrun.sh],r0-S-x-y,1,43,0.864
32,9,8,[timeout 30 ./minisatrun.sh],r0-S-x-y,2,163,1.896
32,9,8,[timeout 30 ./minisatrun.sh],r0-S-x-y,3,193,2.184
32,9,8,[timeout 30 ./minisatrun.sh],r0-S-x-y,4,539,5.172
32,9,8,[timeout 30 ./minisatrun.sh],r0-S-x-y,5,54,0.964
32,9,8,[timeout 30 ./minisatrun.sh],r0-S-x-y,6,52,0.936
32,9,8,[timeout 30 ./minisatrun.sh],r0-S-x-y,7,18,0.656
32,9,8,[timeout 30 ./minisatrun.sh],r0-S-x-y,8,257,2.684
32,9,8,[timeout 30 ./minisatrun.sh],r0-S-x-y,9,119,1.516
32,10,8,[timeout 30 ./minisatrun.sh],r0-S-y-x,0,499,5.752
32,10,8,[timeout 30 ./minisatrun.sh],r0-S-y-x,1,1,0.576
32,10,8,[timeout 30 ./minisatrun.sh],r0-S-y-x,2,313,3.8
32,10,8,[timeout 30 ./minisatrun.sh],r0-S-y-x,3,198,2.608
32,10,8,[timeout 30 ./minisatrun.sh],r0-S-y-x,4,249,3.12
32,10,8,[timeout 30 ./minisatrun.sh],r0-S-y-x,5,732,8.152
32,10,8,[timeout 30 ./minisatrun.sh],r0-S-y-x,6,295,3.62
32,10,8,[timeout 30 ./minisatrun.sh],r0-S-y-x,7,430,4.972
32,10,8,[timeout 30 ./minisatrun.sh],r0-S-y-x,8,51,1.08
32,10,8,[timeout 30 ./minisatrun.sh],r0-S-y-x,9,757,8.36
32,10,8,[timeout 30 ./minisatrun.sh],none,0,398,2.232
32,10,8,[timeout 30 ./minisatrun.sh],none,1,1608,8.596
32,10,8,[timeout 30 ./minisatrun.sh],none,2,334,1.416
32,10,8,[timeout 30 ./minisatrun.sh],none,3,1280,5.164
32,10,8,[timeout 30 ./minisatrun.sh],none,4,1289,8.408
32,10,8,[timeout 30 ./minisatrun.sh],none,5,1426,5.216
32,10,8,[timeout 30 ./minisatrun.sh],none,6,329,1.752
32,10,8,[timeout 30 ./minisatrun.sh],none,7,1407,6.6
32,10,8,[timeout 30 ./minisatrun.sh],none,8,106,0.616
32,10,8,[timeout 30 ./minisatrun.sh],none,9,114,0.672
32,10,8,[timeout 30 ./minisatrun.sh],rlast-S-x-y,0,398,2.248
32,10,8,[timeout 30 ./minisatrun.sh],rlast-S-x-y,1,1608,8.7
32,10,8,[timeout 30 ./minisatrun.sh],rlast-S-x-y,2,334,1.416
32,10,8,[timeout 30 ./minisatrun.sh],rlast-S-x-y,3,1280,5.224
32,10,8,[timeout 30 ./minisatrun.sh],rlast-S-x-y,4,1289,8.328
32,10,8,[timeout 30 ./minisatrun.sh],rlast-S-x-y,5,1426,5.272
32,10,8,[timeout 30 ./minisatrun.sh],rlast-S-x-y,6,329,1.756
32,10,8,[timeout 30 ./minisatrun.sh],rlast-S-x-y,7,1407,6.708
32,10,8,[timeout 30 ./minisatrun.sh],rlast-S-x-y,8,106,0.62
32,10,8,[timeout 30 ./minisatrun.sh],rlast-S-x-y,9,114,0.664
32,10,8,[timeout 30 ./minisatrun.sh],rlast-S-y-x,0,398,2.248
32,10,8,[timeout 30 ./minisatrun.sh],rlast-S-y-x,1,1608,8.604
32,10,8,[timeout 30 ./minisatrun.sh],rlast-S-y-x,2,334,1.416
32,10,8,[timeout 30 ./minisatrun.sh],rlast-S-y-x,3,1280,5.124
32,10,8,[timeout 30 ./minisatrun.sh],rlast-S-y-x,4,1289,8.38
32,10,8,[timeout 30 ./minisatrun.sh],rlast-S-y-x,5,1426,5.308
32,10,8,[timeout 30 ./minisatrun.sh],rlast-S-y-x,6,329,1.748
32,10,8,[timeout 30 ./minisatrun.sh],rlast-S-y-x,7,1407,6.684
32,10,8,[timeout 30 ./minisatrun.sh],rlast-S-y-x,8,106,0.6
32,10,8,[timeout 30 ./minisatrun.sh],rlast-S-y-x,9,114,0.68
32,10,8,[timeout 30 ./minisatrun.sh],r0-S-x-y,0,499,5.664
32,10,8,[timeout 30 ./minisatrun.sh],r0-S-x-y,1,1,0.576
32,10,8,[timeout 30 ./minisatrun.sh],r0-S-x-y,2,313,3.772
32,10,8,[timeout 30 ./minisatrun.sh],r0-S-x-y,3,198,2.644
32,10,8,[timeout 30 ./minisatrun.sh],r0-S-x-y,4,249,3.148
32,10,8,[timeout 30 ./minisatrun.sh],r0-S-x-y,5,732,8.096
32,10,8,[timeout 30 ./minisatrun.sh],r0-S-x-y,6,295,3.628
32,10,8,[timeout 30 ./minisatrun.sh],r0-S-x-y,7,430,4.972
32,10,8,[timeout 30 ./minisatrun.sh],r0-S-x-y,8,51,1.084
32,10,8,[timeout 30 ./minisatrun.sh],r0-S-x-y,9,757,8.368
32,11,8,[timeout 30 ./minisatrun.sh],r0-S-y-x,0,106,1.928
32,11,8,[timeout 30 ./minisatrun.sh],r0-S-y-x,1,867,11.18
32,11,8,[timeout 30 ./minisatrun.sh],r0-S-y-x,2,165,2.648
32,11,8,[timeout 30 ./minisatrun.sh],r0-S-y-x,3,110,1.972
32,11,8,[timeout 30 ./minisatrun.sh],r0-S-y-x,4,85,1.676
32,11,8,[timeout 30 ./minisatrun.sh],r0-S-y-x,5,165,2.652
32,11,8,[timeout 30 ./minisatrun.sh],r0-S-y-x,6,342,4.792
32,11,8,[timeout 30 ./minisatrun.sh],r0-S-y-x,7,337,4.752
32,11,8,[timeout 30 ./minisatrun.sh],r0-S-y-x,8,321,4.536
32,11,8,[timeout 30 ./minisatrun.sh],r0-S-y-x,9,158,2.548
32,11,8,[timeout 30 ./minisatrun.sh],none,0,393,2.524
32,11,8,[timeout 30 ./minisatrun.sh],none,1,883,4.484
32,11,8,[timeout 30 ./minisatrun.sh],none,2,302,1.78
32,11,8,[timeout 30 ./minisatrun.sh],none,3,245,0.964
32,11,8,[timeout 30 ./minisatrun.sh],none,4,262,1.376
32,11,8,[timeout 30 ./minisatrun.sh],none,5,302,1.796
32,11,8,[timeout 30 ./minisatrun.sh],none,6,330,2.568
32,11,8,[timeout 30 ./minisatrun.sh],none,7,108,0.716
32,11,8,[timeout 30 ./minisatrun.sh],none,8,319,1.668
32,11,8,[timeout 30 ./minisatrun.sh],none,9,435,2.176
32,11,8,[timeout 30 ./minisatrun.sh],rlast-S-x-y,0,393,2.496
32,11,8,[timeout 30 ./minisatrun.sh],rlast-S-x-y,1,883,4.484
32,11,8,[timeout 30 ./minisatrun.sh],rlast-S-x-y,2,302,1.78
32,11,8,[timeout 30 ./minisatrun.sh],rlast-S-x-y,3,245,0.96
32,11,8,[timeout 30 ./minisatrun.sh],rlast-S-x-y,4,262,1.364
32,11,8,[timeout 30 ./minisatrun.sh],rlast-S-x-y,5,302,1.796
32,11,8,[timeout 30 ./minisatrun.sh],rlast-S-x-y,6,330,2.544
32,11,8,[timeout 30 ./minisatrun.sh],rlast-S-x-y,7,108,0.72
32,11,8,[timeout 30 ./minisatrun.sh],rlast-S-x-y,8,319,1.668
32,11,8,[timeout 30 ./minisatrun.sh],rlast-S-x-y,9,435,2.144
32,11,8,[timeout 30 ./minisatrun.sh],rlast-S-y-x,0,393,2.536
32,11,8,[timeout 30 ./minisatrun.sh],rlast-S-y-x,1,883,4.428
32,11,8,[timeout 30 ./minisatrun.sh],rlast-S-y-x,2,302,1.8
32,11,8,[timeout 30 ./minisatrun.sh],rlast-S-y-x,3,245,0.972
32,11,8,[timeout 30 ./minisatrun.sh],rlast-S-y-x,4,262,1.372
32,11,8,[timeout 30 ./minisatrun.sh],rlast-S-y-x,5,302,1.8
32,11,8,[timeout 30 ./minisatrun.sh],rlast-S-y-x,6,330,2.564
32,11,8,[timeout 30 ./minisatrun.sh],rlast-S-y-x,7,108,0.732
32,11,8,[timeout 30 ./minisatrun.sh],rlast-S-y-x,8,319,1.66
32,11,8,[timeout 30 ./minisatrun.sh],rlast-S-y-x,9,435,2.204
32,11,8,[timeout 30 ./minisatrun.sh],r0-S-x-y,0,106,1.952
32,11,8,[timeout 30 ./minisatrun.sh],r0-S-x-y,1,867,11.216
32,11,8,[timeout 30 ./minisatrun.sh],r0-S-x-y,2,165,2.632
32,11,8,[timeout 30 ./minisatrun.sh],r0-S-x-y,3,110,1.984
32,11,8,[timeout 30 ./minisatrun.sh],r0-S-x-y,4,85,1.668
32,11,8,[timeout 30 ./minisatrun.sh],r0-S-x-y,5,165,2.64
32,11,8,[timeout 30 ./minisatrun.sh],r0-S-x-y,6,342,4.84
32,11,8,[timeout 30 ./minisatrun.sh],r0-S-x-y,7,337,4.752
32,11,8,[timeout 30 ./minisatrun.sh],r0-S-x-y,8,321,4.504
32,11,8,[timeout 30 ./minisatrun.sh],r0-S-x-y,9,158,2.564
32,12,8,[timeout 30 ./minisatrun.sh],r0-S-y-x,0,102,2.112
32,12,8,[timeout 30 ./minisatrun.sh],r0-S-y-x,1,12,0.876
32,12,8,[timeout 30 ./minisatrun.sh],r0-S-y-x,2,555,8.312
32,12,8,[timeout 30 ./minisatrun.sh],r0-S-y-x,3,587,8.764
32,12,8,[timeout 30 ./minisatrun.sh],r0-S-y-x,4,188,3.296
32,12,8,[timeout 30 ./minisatrun.sh],r0-S-y-x,5,203,3.508
32,12,8,[timeout 30 ./minisatrun.sh],r0-S-y-x,6,587,8.736
32,12,8,[timeout 30 ./minisatrun.sh],r0-S-y-x,7,78,1.792
32,12,8,[timeout 30 ./minisatrun.sh],r0-S-y-x,8,144,2.684
32,12,8,[timeout 30 ./minisatrun.sh],r0-S-y-x,9,286,4.668
32,12,8,[timeout 30 ./minisatrun.sh],none,0,425,2.872
32,12,8,[timeout 30 ./minisatrun.sh],none,1,120,1.008
32,12,8,[timeout 30 ./minisatrun.sh],none,2,553,4.688
32,12,8,[timeout 30 ./minisatrun.sh],none,3,966,4.788
32,12,8,[timeout 30 ./minisatrun.sh],none,4,173,1.356
32,12,8,[timeout 30 ./minisatrun.sh],none,5,562,3.312
32,12,8,[timeout 30 ./minisatrun.sh],none,6,966,4.772
32,12,8,[timeout 30 ./minisatrun.sh],none,7,416,1.48
32,12,8,[timeout 30 ./minisatrun.sh],none,8,198,1.9
32,12,8,[timeout 30 ./minisatrun.sh],none,9,1011,6.84
32,12,8,[timeout 30 ./minisatrun.sh],rlast-S-x-y,0,425,2.892
32,12,8,[timeout 30 ./minisatrun.sh],rlast-S-x-y,1,120,1.012
32,12,8,[timeout 30 ./minisatrun.sh],rlast-S-x-y,2,553,4.72
32,12,8,[timeout 30 ./minisatrun.sh],rlast-S-x-y,3,966,4.84
32,12,8,[timeout 30 ./minisatrun.sh],rlast-S-x-y,4,173,1.36
32,12,8,[timeout 30 ./minisatrun.sh],rlast-S-x-y,5,562,3.388
32,12,8,[timeout 30 ./minisatrun.sh],rlast-S-x-y,6,966,4.82
32,12,8,[timeout 30 ./minisatrun.sh],rlast-S-x-y,7,416,1.448
32,12,8,[timeout 30 ./minisatrun.sh],rlast-S-x-y,8,198,1.852
32,12,8,[timeout 30 ./minisatrun.sh],rlast-S-x-y,9,1011,6.948
32,12,8,[timeout 30 ./minisatrun.sh],rlast-S-y-x,0,425,2.884
32,12,8,[timeout 30 ./minisatrun.sh],rlast-S-y-x,1,120,1.02
32,12,8,[timeout 30 ./minisatrun.sh],rlast-S-y-x,2,553,4.704
32,12,8,[timeout 30 ./minisatrun.sh],rlast-S-y-x,3,966,4.808
32,12,8,[timeout 30 ./minisatrun.sh],rlast-S-y-x,4,173,1.388
32,12,8,[timeout 30 ./minisatrun.sh],rlast-S-y-x,5,562,3.368
32,12,8,[timeout 30 ./minisatrun.sh],rlast-S-y-x,6,966,4.828
32,12,8,[timeout 30 ./minisatrun.sh],rlast-S-y-x,7,416,1.452
32,12,8,[timeout 30 ./minisatrun.sh],rlast-S-y-x,8,198,1.904
32,12,8,[timeout 30 ./minisatrun.sh],rlast-S-y-x,9,1011,7.004
32,12,8,[timeout 30 ./minisatrun.sh],r0-S-x-y,0,102,2.112
32,12,8,[timeout 30 ./minisatrun.sh],r0-S-x-y,1,12,0.888
32,12,8,[timeout 30 ./minisatrun.sh],r0-S-x-y,2,555,8.316
32,12,8,[timeout 30 ./minisatrun.sh],r0-S-x-y,3,587,8.804
32,12,8,[timeout 30 ./minisatrun.sh],r0-S-x-y,4,188,3.284
32,12,8,[timeout 30 ./minisatrun.sh],r0-S-x-y,5,203,3.52
32,12,8,[timeout 30 ./minisatrun.sh],r0-S-x-y,6,587,8.808
32,12,8,[timeout 30 ./minisatrun.sh],r0-S-x-y,7,78,1.76
32,12,8,[timeout 30 ./minisatrun.sh],r0-S-x-y,8,144,2.684
32,12,8,[timeout 30 ./minisatrun.sh],r0-S-x-y,9,286,4.744
32,13,8,[timeout 30 ./minisatrun.sh],r0-S-y-x,0,285,5.168
32,13,8,[timeout 30 ./minisatrun.sh],r0-S-y-x,1,103,2.372
32,13,8,[timeout 30 ./minisatrun.sh],r0-S-y-x,2,192,3.748
32,13,8,[timeout 30 ./minisatrun.sh],r0-S-y-x,3,258,4.764
32,13,8,[timeout 30 ./minisatrun.sh],r0-S-y-x,4,170,3.412
32,13,8,[timeout 30 ./minisatrun.sh],r0-S-y-x,5,500,8.46
32,13,8,[timeout 30 ./minisatrun.sh],r0-S-y-x,6,320,5.712
32,13,8,[timeout 30 ./minisatrun.sh],r0-S-y-x,7,336,5.984
32,13,8,[timeout 30 ./minisatrun.sh],r0-S-y-x,8,450,7.664
32,13,8,[timeout 30 ./minisatrun.sh],r0-S-y-x,9,252,4.656
32,13,8,[timeout 30 ./minisatrun.sh],none,0,1516,10.216
32,13,8,[timeout 30 ./minisatrun.sh],none,1,517,3.26
32,13,8,[timeout 30 ./minisatrun.sh],none,2,662,5.752
32,13,8,[timeout 30 ./minisatrun.sh],none,3,2929,17.636
32,13,8,[timeout 30 ./minisatrun.sh],none,4,1088,8.78
32,13,8,[timeout 30 ./minisatrun.sh],none,5,938,7.032
32,13,8,[timeout 30 ./minisatrun.sh],none,6,709,6.164
32,13,8,[timeout 30 ./minisatrun.sh],none,7,716,5.36
32,13,8,[timeout 30 ./minisatrun.sh],none,8,249,1.276
32,13,8,[timeout 30 ./minisatrun.sh],none,9,392,3.624
32,13,8,[timeout 30 ./minisatrun.sh],rlast-S-x-y,0,1516,10.22
32,13,8,[timeout 30 ./minisatrun.sh],rlast-S-x-y,1,517,3.256
32,13,8,[timeout 30 ./minisatrun.sh],rlast-S-x-y,2,662,5.776
32,13,8,[timeout 30 ./minisatrun.sh],rlast-S-x-y,3,2929,17.588
32,13,8,[timeout 30 ./minisatrun.sh],rlast-S-x-y,4,1088,8.74
32,13,8,[timeout 30 ./minisatrun.sh],rlast-S-x-y,5,938,7.088
32,13,8,[timeout 30 ./minisatrun.sh],rlast-S-x-y,6,709,6.172
32,13,8,[timeout 30 ./minisatrun.sh],rlast-S-x-y,7,716,5.332
32,13,8,[timeout 30 ./minisatrun.sh],rlast-S-x-y,8,249,1.272
32,13,8,[timeout 30 ./minisatrun.sh],rlast-S-x-y,9,392,3.616
32,13,8,[timeout 30 ./minisatrun.sh],rlast-S-y-x,0,1516,10.184
32,13,8,[timeout 30 ./minisatrun.sh],rlast-S-y-x,1,517,3.256
32,13,8,[timeout 30 ./minisatrun.sh],rlast-S-y-x,2,662,5.828
32,13,8,[timeout 30 ./minisatrun.sh],rlast-S-y-x,3,2929,17.7
32,13,8,[timeout 30 ./minisatrun.sh],rlast-S-y-x,4,1088,8.796
32,13,8,[timeout 30 ./minisatrun.sh],rlast-S-y-x,5,938,7.072
32,13,8,[timeout 30 ./minisatrun.sh],rlast-S-y-x,6,709,6.128
32,13,8,[timeout 30 ./minisatrun.sh],rlast-S-y-x,7,716,5.352
32,13,8,[timeout 30 ./minisatrun.sh],rlast-S-y-x,8,249,1.272
32,13,8,[timeout 30 ./minisatrun.sh],rlast-S-y-x,9,392,3.664
32,13,8,[timeout 30 ./minisatrun.sh],r0-S-x-y,0,285,5.212
32,13,8,[timeout 30 ./minisatrun.sh],r0-S-x-y,1,103,2.36
32,13,8,[timeout 30 ./minisatrun.sh],r0-S-x-y,2,192,3.72
32,13,8,[timeout 30 ./minisatrun.sh],r0-S-x-y,3,258,4.772
32,13,8,[timeout 30 ./minisatrun.sh],r0-S-x-y,4,170,3.38
32,13,8,[timeout 30 ./minisatrun.sh],r0-S-x-y,5,500,8.408
32,13,8,[timeout 30 ./minisatrun.sh],r0-S-x-y,6,320,5.74
32,13,8,[timeout 30 ./minisatrun.sh],r0-S-x-y,7,336,5.92
32,13,8,[timeout 30 ./minisatrun.sh],r0-S-x-y,8,450,7.736
32,13,8,[timeout 30 ./minisatrun.sh],r0-S-x-y,9,252,4.64
32,14,8,[timeout 30 ./minisatrun.sh],r0-S-y-x,0,28,1.34
32,14,8,[timeout 30 ./minisatrun.sh],r0-S-y-x,1,72,2.1
32,14,8,[timeout 30 ./minisatrun.sh],r0-S-y-x,2,75,2.16
32,14,8,[timeout 30 ./minisatrun.sh],r0-S-y-x,3,292,5.86
32,14,8,[timeout 30 ./minisatrun.sh],r0-S-y-x,4,157,3.52
32,14,8,[timeout 30 ./minisatrun.sh],r0-S-y-x,5,22,1.228
32,14,8,[timeout 30 ./minisatrun.sh],r0-S-y-x,6,209,4.448
32,14,8,[timeout 30 ./minisatrun.sh],r0-S-y-x,7,146,3.352
32,14,8,[timeout 30 ./minisatrun.sh],r0-S-y-x,8,514,9.604
32,14,8,[timeout 30 ./minisatrun.sh],r0-S-y-x,9,412,7.896
32,14,8,[timeout 30 ./minisatrun.sh],none,0,449,3.02
32,14,8,[timeout 30 ./minisatrun.sh],none,1,911,6.612
32,14,8,[timeout 30 ./minisatrun.sh],none,2,491,3.76
32,14,8,[timeout 30 ./minisatrun.sh],none,3,260,2.088
32,14,8,[timeout 30 ./minisatrun.sh],none,4,1559,12.436
32,14,8,[timeout 30 ./minisatrun.sh],none,5,562,4.768
32,14,8,[timeout 30 ./minisatrun.sh],none,6,260,1.8
32,14,8,[timeout 30 ./minisatrun.sh],none,7,109,0.964
32,14,8,[timeout 30 ./minisatrun.sh],none,8,1332,9.712
32,14,8,[timeout 30 ./minisatrun.sh],none,9,407,2.344
32,14,8,[timeout 30 ./minisatrun.sh],rlast-S-x-y,0,449,3.032
32,14,8,[timeout 30 ./minisatrun.sh],rlast-S-x-y,1,911,6.612
32,14,8,[timeout 30 ./minisatrun.sh],rlast-S-x-y,2,491,3.76
32,14,8,[timeout 30 ./minisatrun.sh],rlast-S-x-y,3,260,2.076
32,14,8,[timeout 30 ./minisatrun.sh],rlast-S-x-y,4,1559,12.552
32,14,8,[timeout 30 ./minisatrun.sh],rlast-S-x-y,5,562,4.764
32,14,8,[timeout 30 ./minisatrun.sh],rlast-S-x-y,6,260,1.828
32,14,8,[timeout 30 ./minisatrun.sh],rlast-S-x-y,7,109,0.964
32,14,8,[timeout 30 ./minisatrun.sh],rlast-S-x-y,8,1332,9.752
32,14,8,[timeout 30 ./minisatrun.sh],rlast-S-x-y,9,407,2.376
32,14,8,[timeout 30 ./minisatrun.sh],rlast-S-y-x,0,449,3.02
32,14,8,[timeout 30 ./minisatrun.sh],rlast-S-y-x,1,911,6.616
32,14,8,[timeout 30 ./minisatrun.sh],rlast-S-y-x,2,491,3.76
32,14,8,[timeout 30 ./minisatrun.sh],rlast-S-y-x,3,260,2.108
32,14,8,[timeout 30 ./minisatrun.sh],rlast-S-y-x,4,1559,12.444
32,14,8,[timeout 30 ./minisatrun.sh],rlast-S-y-x,5,562,4.768
32,14,8,[timeout 30 ./minisatrun.sh],rlast-S-y-x,6,260,1.836
32,14,8,[timeout 30 ./minisatrun.sh],rlast-S-y-x,7,109,0.972
32,14,8,[timeout 30 ./minisatrun.sh],rlast-S-y-x,8,1332,9.648
32,14,8,[timeout 30 ./minisatrun.sh],rlast-S-y-x,9,407,2.368
32,14,8,[timeout 30 ./minisatrun.sh],r0-S-x-y,0,28,1.364
32,14,8,[timeout 30 ./minisatrun.sh],r0-S-x-y,1,72,2.084
32,14,8,[timeout 30 ./minisatrun.sh],r0-S-x-y,2,75,2.148
32,14,8,[timeout 30 ./minisatrun.sh],r0-S-x-y,3,292,5.884
32,14,8,[timeout 30 ./minisatrun.sh],r0-S-x-y,4,157,3.548
32,14,8,[timeout 30 ./minisatrun.sh],r0-S-x-y,5,22,1.256
32,14,8,[timeout 30 ./minisatrun.sh],r0-S-x-y,6,209,4.416
32,14,8,[timeout 30 ./minisatrun.sh],r0-S-x-y,7,146,3.34
32,14,8,[timeout 30 ./minisatrun.sh],r0-S-x-y,8,514,9.648
32,14,8,[timeout 30 ./minisatrun.sh],r0-S-x-y,9,412,8.016
32,15,8,[timeout 30 ./minisatrun.sh],r0-S-y-x,0,121,3.244
32,15,8,[timeout 30 ./minisatrun.sh],r0-S-y-x,1,91,2.652
32,15,8,[timeout 30 ./minisatrun.sh],r0-S-y-x,2,791,15.836
32,15,8,[timeout 30 ./minisatrun.sh],r0-S-y-x,3,242,5.488
32,15,8,[timeout 30 ./minisatrun.sh],r0-S-y-x,4,479,9.916
32,15,8,[timeout 30 ./minisatrun.sh],r0-S-y-x,5,1028,20.224
32,15,8,[timeout 30 ./minisatrun.sh],r0-S-y-x,6,291,6.38
32,15,8,[timeout 30 ./minisatrun.sh],r0-S-y-x,7,260,5.836
32,15,8,[timeout 30 ./minisatrun.sh],r0-S-y-x,8,88,2.604
32,15,8,[timeout 30 ./minisatrun.sh],r0-S-y-x,9,126,3.288
32,15,8,[timeout 30 ./minisatrun.sh],none,0,565,4.956
32,15,8,[timeout 30 ./minisatrun.sh],none,1,117,1.272
32,15,8,[timeout 30 ./minisatrun.sh],none,2,595,5.976
32,15,8,[timeout 30 ./minisatrun.sh],none,3,476,5.78
32,15,8,[timeout 30 ./minisatrun.sh],none,4,497,4.344
32,15,8,[timeout 30 ./minisatrun.sh],none,5,447,3.528
32,15,8,[timeout 30 ./minisatrun.sh],none,6,353,3.28
32,15,8,[timeout 30 ./minisatrun.sh],none,7,1481,17.364
32,15,8,[timeout 30 ./minisatrun.sh],none,8,317,2.548
32,15,8,[timeout 30 ./minisatrun.sh],none,9,1700,15.256
32,15,8,[timeout 30 ./minisatrun.sh],rlast-S-x-y,0,565,5.032
32,15,8,[timeout 30 ./minisatrun.sh],rlast-S-x-y,1,117,1.268
32,15,8,[timeout 30 ./minisatrun.sh],rlast-S-x-y,2,595,5.996
32,15,8,[timeout 30 ./minisatrun.sh],rlast-S-x-y,3,476,5.744
32,15,8,[timeout 30 ./minisatrun.sh],rlast-S-x-y,4,497,4.436
32,15,8,[timeout 30 ./minisatrun.sh],rlast-S-x-y,5,447,3.536
32,15,8,[timeout 30 ./minisatrun.sh],rlast-S-x-y,6,353,3.36
32,15,8,[timeout 30 ./minisatrun.sh],rlast-S-x-y,7,1481,17.372
32,15,8,[timeout 30 ./minisatrun.sh],rlast-S-x-y,8,317,2.516
32,15,8,[timeout 30 ./minisatrun.sh],rlast-S-x-y,9,1700,15.272
32,15,8,[timeout 30 ./minisatrun.sh],rlast-S-y-x,0,565,5
32,15,8,[timeout 30 ./minisatrun.sh],rlast-S-y-x,1,117,1.28
32,15,8,[timeout 30 ./minisatrun.sh],rlast-S-y-x,2,595,6.052
32,15,8,[timeout 30 ./minisatrun.sh],rlast-S-y-x,3,476,5.788
32,15,8,[timeout 30 ./minisatrun.sh],rlast-S-y-x,4,497,4.36
32,15,8,[timeout 30 ./minisatrun.sh],rlast-S-y-x,5,447,3.612
32,15,8,[timeout 30 ./minisatrun.sh],rlast-S-y-x,6,353,3.348
32,15,8,[timeout 30 ./minisatrun.sh],rlast-S-y-x,7,1481,17.26
32,15,8,[timeout 30 ./minisatrun.sh],rlast-S-y-x,8,317,2.54
32,15,8,[timeout 30 ./minisatrun.sh],rlast-S-y-x,9,1700,15.112
32,15,8,[timeout 30 ./minisatrun.sh],r0-S-x-y,0,121,3.212
32,15,8,[timeout 30 ./minisatrun.sh],r0-S-x-y,1,91,2.648
32,15,8,[timeout 30 ./minisatrun.sh],r0-S-x-y,2,791,16.028
32,15,8,[timeout 30 ./minisatrun.sh],r0-S-x-y,3,242,5.564
32,15,8,[timeout 30 ./minisatrun.sh],r0-S-x-y,4,479,10.104
32,15,8,[timeout 30 ./minisatrun.sh],r0-S-x-y,5,1028,20.148
32,15,8,[timeout 30 ./minisatrun.sh],r0-S-x-y,6,291,6.408
32,15,8,[timeout 30 ./minisatrun.sh],r0-S-x-y,7,260,5.864
32,15,8,[timeout 30 ./minisatrun.sh],r0-S-x-y,8,88,2.596
32,15,8,[timeout 30 ./minisatrun.sh],r0-S-x-y,9,126,3.288
